<?xml version="1.0" encoding="UTF-8"?>
<beans:beans xmlns="http://www.springframework.org/schema/security"
    xmlns:beans="http://www.springframework.org/schema/beans"
	xmlns:xsi="http://www.w3.org/2001/XMLSchema-instance"
	xsi:schemaLocation="http://www.springframework.org/schema/security http://www.springframework.org/schema/security/spring-security.xsd
		http://www.springframework.org/schema/beans http://www.springframework.org/schema/beans/spring-beans-4.3.xsd">
   
      <beans:bean id="bcryptPasswordEncoder" class="org.springframework.security.crypto.bcrypt.BCryptPasswordEncoder" /> 

      <!-- 검사 URL -->
    <http auto-config="true" use-expressions="true">
        <intercept-url pattern="/member/**" access="permitAll" />
        <intercept-url pattern="/" access="permitAll" />
        <intercept-url pattern="/user/**" access="hasRole('USER')" />
        <intercept-url pattern="/admin/**" access="hasRole('ADMIN')" />
        <intercept-url pattern="/**" access="hasAnyRole('USER, ADMIN')" />        
       
         <logout logout-url="/logout"
                logout-success-url="/" /> 
                
     </http>    
    
    <!--  provider  -->
      <authentication-manager>
        <authentication-provider>
        <password-encoder hash="bcrypt" /> 
        <jdbc-user-service 
            data-source-ref="dataSource"
            users-by-username-query="select username, password, enabled from users where username = ?"
            authorities-by-username-query="select username, authority from authorities where username = ?"
        />
        </authentication-provider>
    </authentication-manager> 
    
<!--    <authentication-manager>
        <authentication-provider>
        <jdbc-user-service 
            data-source-ref="dataSource"
         />
        </authentication-provider>
    </authentication-manager> -->
   
</beans:beans>