<?xml version="1.0" encoding="UTF-8"?>
<!DOCTYPE mapper PUBLIC "-//ibatis.apache.org//DTD Mapper 3.0//EN" "http://ibatis.apache.org/dtd/ibatis-3-mapper.dtd">

<mapper namespace="board8">
    <sql id="includeBoard">
        WHERE BGNO=#{bgno} AND BRDDELETEFLAG='N'
         <if test="searchKeyword!=null and searchKeyword!='' and searchType!=''">
              <foreach item="item" index="index" collection="searchTypeArr" separator=" OR " open="AND (" close=")">
                     ${item} LIKE '%'||#{searchKeyword}||'%'
              </foreach>
        </if>               
    </sql>

    <select id="selectBoard8Count" resultType="Integer" parameterType="gu.common.SearchVO">
        SELECT COUNT(*)
          FROM TBL_BOARD
         <include refid="includeBoard"/>
    </select> 
    
    <select id="selectBoard8List" resultType="gu.board8.BoardVO" parameterType="gu.common.SearchVO">
        SELECT BRDNO, BRDTITLE, BRDWRITER, TO_CHAR(BRDDATE,'yyyy-mm-dd') BRDDATE, BRDHIT
             , (SELECT COUNT(*) FROM TBL_BOARDFILE WHERE BRDNO=DS.BRDNO) FILECNT
             , (SELECT COUNT(*) FROM TBL_BOARDREPLY WHERE BRDNO=DS.BRDNO AND REDELETEFLAG='N') REPLYCNT
          FROM(
            SELECT BRDNO, BRDTITLE, BRDWRITER, BRDDATE, BRDHIT
            , BRDDELETEFLAG, ROW_NUMBER() OVER(ORDER BY BRDNO DESC) BRDNO_SEQ 
          FROM TBL_BOARD
         <include refid="includeBoard"/>
         ) DS
         WHERE BRDNO_SEQ BETWEEN ${rowStart} AND ${rowEnd}
         ORDER BY BRDNO DESC 
    </select> 
    
    <insert id="insertBoard8" parameterType="gu.board8.BoardVO" >
    	<selectKey resultType="String" keyProperty="brdno" order="BEFORE">
            SELECT BRDNO_SEQ.NEXTVAL FROM DUAL
        </selectKey> 
        INSERT INTO TBL_BOARD(BGNO, BRDNO, BRDTITLE, BRDWRITER, BRDMEMO, BRDDATE, BRDHIT, BRDDELETEFLAG)
        VALUES (#{bgno}, #{brdno}, #{brdtitle}, #{brdwriter}, #{brdmemo}, SYSDATE, 0, 'N' )
    </insert>
    
    <update id="updateBoard8" parameterType="gu.board8.BoardVO">
        UPDATE TBL_BOARD
           SET BRDTITLE=#{brdtitle}
             , BRDWRITER=#{brdwriter}
             , BRDMEMO=#{brdmemo} 
         WHERE BRDDELETEFLAG='N'
           AND BRDNO=#{brdno}
    </update> 
        
    <select id="selectBoard8One" parameterType="String" resultType="gu.board8.BoardVO">
        SELECT BGNO, BRDNO, BRDTITLE, BRDWRITER, BRDMEMO, TO_CHAR(BRDDATE,'yyyy-mm-dd') BRDDATE
          FROM TBL_BOARD
         WHERE BRDDELETEFLAG='N'
           AND BRDNO=#{brdno}
    </select> 

    <update id="updateBoard8Read" parameterType="String">
        UPDATE TBL_BOARD
           SET BRDHIT = BRDHIT + 1 
         WHERE BRDNO=#{brdno}
    </update> 

    <delete id="deleteBoard8One" parameterType="String">
        UPDATE TBL_BOARD
           SET BRDDELETEFLAG='Y' 
         WHERE BRDNO=#{brdno}
    </delete> 

    <!-- =============================================================================== -->
    <select id="selectBoard8FileList" resultType="gu.common.FileVO" parameterType="String">
        SELECT FILENO, FILENAME, REALNAME, FILESIZE
          FROM TBL_BOARDFILE
         WHERE BRDNO=#{brdno}
         ORDER BY FILENO DESC 
    </select> 

    <insert id="insertBoard8File" parameterType="gu.common.FileVO" >
        INSERT INTO TBL_BOARDFILE (BRDNO, FILENO, FILENAME, REALNAME, FILESIZE)
        VALUES (#{parentPK}, FILENO_SEQ.NEXTVAL, #{filename}, #{realname}, #{filesize})
    </insert>
    <delete id="deleteBoard8File" parameterType="hashmap"> 
        DELETE 
          FROM TBL_BOARDFILE
         WHERE FILENO IN (
              <foreach item="item" index="index" collection="fileno" separator=",">
                     ${item}
              </foreach>  
        )             
    </delete> 

    <!-- =============================================================================== -->
    <select id="selectBoard8ReplyList" resultType="gu.board8.BoardReplyVO" parameterType="String">
        SELECT BRDNO, RENO, REWRITER, REDELETEFLAG, REMEMO, REDATE, REPARENT, REDEPTH, REORDER
          FROM TBL_BOARDREPLY
         WHERE BRDNO=#{brdno} AND REDELETEFLAG='N'
         ORDER BY REORDER
    </select>
        
    <insert id="insertBoard8Reply" parameterType="gu.board8.BoardReplyVO" >
        <selectKey resultType="String" keyProperty="reno" order="BEFORE">
            SELECT NVL(MAX(RENO),0)+1 FROM TBL_BOARDREPLY
        </selectKey>
    
        INSERT INTO TBL_BOARDREPLY(BRDNO, RENO, REWRITER, REDELETEFLAG, REMEMO, REDATE, REORDER, REPARENT, REDEPTH)
        VALUES (#{brdno}, #{reno}, #{rewriter}, 'N', #{rememo}, SYSDATE, #{reorder},
                   <choose>
                       <when test="reparent==null">#{reno}, 0</when>
                       <otherwise>#{reparent}, #{redepth}</otherwise>
                   </choose>
               )
    </insert>

    <select id="selectBoard8ReplyParent" resultType="gu.board8.BoardReplyVO" parameterType="String">
        SELECT BRDNO, REDEPTH+1 REDEPTH, REORDER 
          FROM TBL_BOARDREPLY
         WHERE RENO=#{reparent}
    </select>

    <update id="updateBoard8ReplyOrder" parameterType="gu.board8.BoardReplyVO"> 
        UPDATE TBL_BOARDREPLY
           SET REORDER = REORDER + 1 
         WHERE BRDNO=#{brdno} AND REORDER>#{reorder}       
    </update> 

    <select id="selectBoard8ReplyMaxOrder" resultType="Integer" parameterType="String">
        SELECT NVL(MAX(REORDER),0)+1
          FROM TBL_BOARDREPLY
         WHERE BRDNO=#{brdno}
    </select>

    <select id="selectBoard8ReplyChild" resultType="Integer" parameterType="String">
        SELECT COUNT(*)
          FROM TBL_BOARDREPLY
         WHERE REPARENT=#{reparent} AND RENO!=#{reparent} AND REDELETEFLAG='N'
    </select>

    <update id="deleteBoard8Reply" parameterType="String"> 
        UPDATE TBL_BOARDREPLY
           SET REDELETEFLAG='Y' 
         WHERE RENO=#{reno}       
    </update>
     
    <update id="updateBoard8ReplyOrder4Delete" parameterType="gu.board8.BoardReplyVO"> 
        UPDATE TBL_BOARDREPLY TBR1
         INNER JOIN TBL_BOARDREPLY TBR2 ON TBR2.BRDNO=TBR1.BRDNO AND TBR1.REORDER >TBR2.REORDER AND TBR1.REDELETEFLAG='N'
           SET TBR1.REORDER = TBR1.REORDER - 1 
         WHERE TBR2.RENO=#{reno} 
    </update>
     
    <update id="updateBoard8Reply" parameterType="gu.board8.BoardReplyVO">
        UPDATE TBL_BOARDREPLY
           SET REMEMO=#{rememo} 
         WHERE RENO=#{reno}
    </update> 
         
</mapper>

