<?xml version="1.0" encoding="UTF-8"?>
<!DOCTYPE mapper PUBLIC "-//ibatis.apache.org//DTD Mapper 3.0//EN" "http://ibatis.apache.org/dtd/ibatis-3-mapper.dtd">

<mapper namespace="board2">
    <select id="selectBoard2Count" resultType="Integer" >
        SELECT COUNT(*)
          FROM TBL_BOARD
         WHERE BRDDELETEFLAG='N'
    </select> 
    
    <select id="selectBoard2List" resultType="gu.board2.boardVO" parameterType="gu.common.PageVO">
        SELECT BRDNO, BRDTITLE, BRDWRITER, TO_CHAR(BRDDATE,'yyyy-mm-dd') BRDDATE, BRDHIT
        	FROM (
          	SELECT BRDNO, BRDTITLE, BRDWRITER, BRDDATE, BRDHIT
          	, BRDDELETEFLAG, ROW_NUMBER() OVER(ORDER BY BRDNO DESC) BRDNO_SEQ
         FROM TBL_BOARD WHERE BRDDELETEFLAG='N')
         WHERE BRDNO_SEQ BETWEEN ${rowStart} AND ${rowEnd}
         ORDER BY BRDNO DESC
    </select> 
    
    <insert id="insertBoard2" parameterType="gu.board2.boardVO" >
    	INSERT INTO TBL_BOARD(BRDNO, BRDTITLE, BRDWRITER, BRDMEMO, BRDDATE, BRDHIT, BRDDELETEFLAG)
		VALUES (BRDNO_SEQ.NEXTVAL, #{brdtitle}, #{brdwriter}, #{brdmemo}, SYSDATE, 0, 'N' )
	</insert>
	
    <update id="updateBoard2" parameterType="gu.board2.boardVO">
        UPDATE TBL_BOARD
           SET BRDTITLE=#{brdtitle}
             , BRDWRITER=#{brdwriter}
             , BRDMEMO=#{brdmemo} 
         WHERE BRDDELETEFLAG='N'
           AND BRDNO=#{brdno}
    </update> 
		
    <select id="selectBoard2One" parameterType="String" resultType="gu.board2.boardVO">
        SELECT BRDNO, BRDTITLE, BRDWRITER, BRDMEMO, TO_CHAR(BRDDATE,'yyyy-mm-dd') BRDDATE
          FROM TBL_BOARD
         WHERE BRDDELETEFLAG='N'
           AND BRDNO=#{brdno}
    </select> 

    <update id="updateBoard2Read" parameterType="String">
        UPDATE TBL_BOARD
           SET BRDHIT = BRDHIT + 1 
         WHERE BRDNO=#{brdno}
    </update> 

    <delete id="deleteBoard2One" parameterType="String">
        UPDATE TBL_BOARD
           SET BRDDELETEFLAG='Y' 
         WHERE BRDNO=#{brdno}
    </delete> 

</mapper>

