<?xml version="1.0" encoding="UTF-8"?>
<!DOCTYPE mapper PUBLIC "-//ibatis.apache.org//DTD Mapper 3.0//EN" "http://ibatis.apache.org/dtd/ibatis-3-mapper.dtd">

<mapper namespace="edu.bit.ex.dao.IBDao">
    <select id="list" resultType="edu.bit.ex.dto.BDto" >
		select bId, bName, bTitle, bContent, bDate, bHit, bGroup, bStep, bIndent from mvc_board order by bGroup desc, bStep asc
    </select>
    
     <select id="total" resultType="Integer">
		select count(*) from mvc_board 
    </select> 
    
<!--     page=2&perPageNum=10 -->
    <select id="listPage" resultType="edu.bit.ex.dto.BDto" parameterType="edu.bit.ex.page.Criteria">
		SELECT * 
		FROM (SELECT A.*, ROW_NUMBER() OVER(ORDER BY bdate) AS rnum, COUNT(*) OVER() AS cnum FROM mvc_board A) 
		WHERE rnum BETWEEN #{startNum} AND #{endNum}
	</select>
<!-- 		SELECT  BNO, 
		        TITLE, 
		        CONTENT,
		        WRITER, 
		        REGDATE
		 FROM ( 
		        SELECT BNO, 
		               TITLE, 
		               CONTENT, 
		               WRITER, 
		               REGDATE, 
		               ROW_NUMBER() OVER(ORDER BY BNO DESC) AS RNUM FROM MVC_BOARD 
		                       ) MP
		WHERE RNUM #{rowStart} AND #{rowEnd}
		ORDER BY BNO DESC -->

     
    
<!--     <insert id="insertBoard1" parameterType="gu.board1.boardVO" >
    	INSERT INTO TBL_BOARD(BRDNO, BRDTITLE, BRDWRITER, BRDMEMO, BRDDATE)
		VALUES (BRDNO_SEQ.NEXTVAL, #{brdtitle}, #{brdwriter}, #{brdmemo}, SYSDATE )
	</insert>
	
    <update id="updateBoard1" parameterType="gu.board1.boardVO">
        UPDATE TBL_BOARD
           SET BRDTITLE=#{brdtitle}
             , BRDWRITER=#{brdwriter}
             , BRDMEMO=#{brdmemo}
         WHERE BRDNO=#{brdno}
    </update>  -->
		
<!--     <select id="selectBoard1One" parameterType="String" resultType="gu.board1.boardVO">
        SELECT BRDNO, BRDTITLE, BRDWRITER, BRDMEMO, BRDDATE
          FROM TBL_BOARD
         WHERE BRDNO=#{brdno}
    </select> 

    <delete id="deleteBoard1One" parameterType="String">
        DELETE 
          FROM TBL_BOARD
         WHERE BRDNO=#{brdno}
    </delete>  -->

</mapper>

