<?xml version="1.0" encoding="UTF-8"?>
<beans xmlns="http://www.springframework.org/schema/beans"
	xmlns:xsi="http://www.w3.org/2001/XMLSchema-instance"
	xsi:schemaLocation="http://www.springframework.org/schema/beans http://www.springframework.org/schema/beans/spring-beans.xsd">
	
	<!-- Root Context: defines shared resources visible to all other web components -->
			<!-- Root Context: defines shared resources visible to all other web components -->
<!-- 	<bean id="dataSource"
        class="org.springframework.jdbc.datasource.DriverManagerDataSource">
        드라이버 클래스 이름이 변경됨
        <property name="driverClassName" value="net.sf.log4jdbc.sql.jdbcapi.DriverSpy"></property>
        연결문자열에 log4jdbc가 추가됨
        <property name="url"
            value="jdbc:log4jdbc:oracle:thin:@localhost:1521:xe" />
        <property name="username" value="scott" />
        <property name="password" value="tiger" />
    </bean> -->
	
	<!-- 데이터베이스 연결 --> 
	<bean id="dataSource" class="org.apache.commons.dbcp.BasicDataSource" destroy-method="close"> 
		<property name="driverClassName" value="oracle.jdbc.driver.OracleDriver"/> 
		<property name="url" value="jdbc:oracle:thin:@127.0.0.1:1521:xe" /> 
		<property name="username" value="scott"/> 
		<property name="password" value="tiger"/> 
	</bean>

	<!-- SqlSession --> 
<!-- 	<bean id="sqlSessionFactory" class="org.mybatis.spring.SqlSessionFactoryBean"> 
		<property name="dataSource" ref="dataSource" /> 
		MyBatis 설정 파일의 위치를 지정합니다. 
		<property name="configLocation" value="classpath:/mybatis-config.xml" /> 
		SQL 파일의 위치를 지정합니다. 
		<property name="mapperLocations" value="classpath:mappers/**/*Mapper.xml" /> 
	</bean> -->
	
	<!-- SqlSession --> 
<!-- 	<bean id="sqlSession" class="org.mybatis.spring.SqlSessionTemplate" destroy-method="clearCache"> 
		<constructor-arg name="sqlSessionFactory" ref="sqlSessionFactory" /> 
	</bean> -->
	
</beans>
